{
    "Super Administrator": {
        "1": {
            "description": "Check the list of users and their roles",
            "function": "list_users"
        },
        "2": {
            "description": "Define and add a new consultant to the system",
            "function": "add_consultant"
        },
        "3": {
            "description": "Modify or update an existing consultant’s account and profile",
            "function": "update_consultant"
        },
        "4": {
            "description": "Delete an existing consultant’s account",
            "function": "delete_consultant"
        },
        "5": {
            "description": "Reset an existing consultant’s password",
            "function": "reset_consultant_password"
        },
        "6": {
            "description": "Define and add a new admin to the system",
            "function": "add_admin"
        },
        "7": {
            "description": "Modify or update an existing admin’s account and profile",
            "function": "update_admin"
        },
        "8": {
            "description": "Delete an existing admin’s account",
            "function": "delete_admin"
        },
        "9": {
            "description": "Reset an existing admin’s password",
            "function": "reset_admin_password"
        },
        "10": {
            "description": "Make a backup of the system and restore a backup",
            "function": "backup_system"
        },
        "11": {
            "description": "See the logs file of the system",
            "function": "read_logs"
        },
        "12": {
            "description": "Add a new member to the system",
            "function": "register_member"
        },
        "13": {
            "description": "Retrieve the information of a member in the system",
            "function": "get_member_details"
        },
        "14": {
            "description": "Modify or update the information of a member in the system",
            "function": "update_member"
        },
        "15": {
            "description": "Delete a member's record from the database",
            "function": "delete_member"
        },
        "16": {
            "description": "Search and retrieve the information of a member",
            "function": "search_member"
        },
        "17": {
            "description": "Change user role",
            "function": "change_user_role"
        },
        "18": {
            "description": "Check unread suspicious activities",
            "function": "check_unread_suspicious_activities"
        },
        "19": {
            "description": "Restore system from a backup",
            "function": "restore_system"
        },
        "20": {
            "description": "Logout",
            "function": "logout"
        }
    },
    "System Administrator": {
        "1": {
            "description": "Update their own password",
            "function": "update_own_password"
        },
        "2": {
            "description": "Check the list of users and their roles",
            "function": "list_users"
        },
        "3": {
            "description": "Define and add a new consultant to the system",
            "function": "add_consultant"
        },
        "4": {
            "description": "Modify or update an existing consultant’s account and profile",
            "function": "update_consultant"
        },
        "5": {
            "description": "Delete an existing consultant’s account",
            "function": "delete_consultant"
        },
        "6": {
            "description": "Reset an existing consultant’s password",
            "function": "reset_consultant_password"
        },
        "7": {
            "description": "Make a backup of the system and restore a backup",
            "function": "backup_system"
        },
        "8": {
            "description": "See the logs file(s) of the system",
            "function": "read_logs"
        },
        "9": {
            "description": "Add a new member to the system",
            "function": "register_member"
        },
        "10": {
            "description": "Retrieve the information of a member in the system",
            "function": "get_member_details"
        },
        "11": {
            "description": "Modify or update the information of a member in the system",
            "function": "update_member"
        },
        "12": {
            "description": "Delete a member's record from the database",
            "function": "delete_member"
        },
        "13": {
            "description": "Search and retrieve the information of a member",
            "function": "search_member"
        },
        "14": {
            "description": "Check unread suspicious activities",
            "function": "check_unread_suspicious_activities"
        },
        "15": {
            "description": "Restore system from a backup",
            "function": "restore_system"
        },
        "16": {
            "description": "Logout",
            "function": "logout"
        }
    },
    "Consultant": {
        "1": {
            "description": "Update their own password",
            "function": "update_own_password"
        },
        "2": {
            "description": "Add a new member to the system",
            "function": "register_member"
        },
        "3": {
            "description": "Retrieve the information of a member in the system",
            "function": "get_member_details"
        },
        "4": {
            "description": "Modify or update the information of a member in the system",
            "function": "update_member"
        },
        "5": {
            "description": "Search and retrieve the information of a member",
            "function": "search_member"
        },
        "6": {
            "description": "Logout",
            "function": "logout"
        }
    }
}

